TITULO,RATING,ESTUDIO,DURACION,DIRECTOR,GENERO,LOCALIDAD,IMAGEN
Paddington 2,100,Warner Bros. Pictures,105,Paul King (VII),[Animation Comedy Kids   Family],N/A,https://www.wildaboutmovies.com/wp-content/uploads/paddington_two_ver2-150x210.jpg
Leave No Trace,100,Bleecker Street,109,Debra Granik,[Drama],N/A,https://www.wildaboutmovies.com/wp-content/uploads/leave_no_trace-150x210.jpg
Summer 1993 (Estiu 1993),100,Oscilloscope Laboratories,96,Carla Sim�n,[Art House   International Drama],N/A,https://png.pngtree.com/element_origin_min_pic/16/12/23/5550bb8f0634d44a1c26292adc4e2e6c.jpg
Minding the Gap,100,Hulu,93,Bing Liu,[Documentary],N/A,https://www.wildaboutmovies.com/wp-content/uploads/MV5BMTA0MDk4MzMwOTBeQTJeQWpwZ15BbWU4MDE3MzYxOTUz._V1_SY1000_CR006751000_AL_-150x210.jpg
Shirkers,100,Netflix,96,Sandi Tan,[Documentary],N/A,https://www.wildaboutmovies.com/wp-content/uploads/SHIRKERS_Vertical_RGB-150x210.jpg
Pick of the Litter,100,Sundance Selects,81,Dana NachmanDon Hardy Jr.,[Documentary],N/A,https://www.wildaboutmovies.com/wp-content/uploads/Pick-of-the-Litter-150x210.jpg
Oh Lucy!,100,Film Movement,96,Atsuko Hirayanagi,[Comedy Drama],N/A,https://png.pngtree.com/element_origin_min_pic/16/12/23/5550bb8f0634d44a1c26292adc4e2e6c.jpg
Hannah Gadsby: Nanette,100,Netflix,69,Madeleine ParryJon Olb,[Comedy],N/A,https://png.pngtree.com/element_origin_min_pic/16/12/23/5550bb8f0634d44a1c26292adc4e2e6c.jpg
Night Comes On,100,Samuel Goldwyn Films,87,Jordana Spiro,[Drama],N/A,https://www.wildaboutmovies.com/wp-content/uploads/Night-Comes-On-movie-poster-150x210.jpg
Eighth Grade,99,A24,94,Bo Burnham,[Comedy],N/A,https://www.wildaboutmovies.com/wp-content/uploads/unnamed-119-150x210.jpg
Shoplifters (Manbiki kazoku),99,Magnolia Pictures,121,Hirokazu Koreeda,[Art House   International Drama],N/A,https://png.pngtree.com/element_origin_min_pic/16/12/23/5550bb8f0634d44a1c26292adc4e2e6c.jpg
McQueen,99,Bleecker Street,111,Ian Bonh�te,[Documentary],N/A,https://www.wildaboutmovies.com/wp-content/uploads/McQueen-movie-poster-150x210.jpg
The Guilty (Den skyldige),99,Magnolia Pictures,85,Gustav M�ller,[Drama Mystery   Suspense],N/A,https://png.pngtree.com/element_origin_min_pic/16/12/23/5550bb8f0634d44a1c26292adc4e2e6c.jpg
Tea With the Dames (Nothing Like a Dame),99,94 minutes,N/A,Roger Michell,[Documentary],N/A,https://png.pngtree.com/element_origin_min_pic/16/12/23/5550bb8f0634d44a1c26292adc4e2e6c.jpg
The Tale,99,HBO Films,114,Jennifer Fox,[Drama],N/A,https://png.pngtree.com/element_origin_min_pic/16/12/23/5550bb8f0634d44a1c26292adc4e2e6c.jpg
Won't You Be My Neighbor?,98,Focus Features,94,Morgan Neville,[Documentary],N/A,https://png.pngtree.com/element_origin_min_pic/16/12/23/5550bb8f0634d44a1c26292adc4e2e6c.jpg
Can You Ever Forgive Me?,98,Fox Searchlight Pictures,107,Marielle Heller,[Comedy Drama],N/A,https://png.pngtree.com/element_origin_min_pic/16/12/23/5550bb8f0634d44a1c26292adc4e2e6c.jpg
Free Solo,98,Greenwich Entertainment,97,Elizabeth Chai VasarhelyiJimmy Chin,[Documentary],N/A,https://www.wildaboutmovies.com/wp-content/uploads/free_solo-150x210.jpg
Border (Gr�ns),98,NEON,110,,[Art House   International Mystery   Suspense Science Fiction   Fantasy Romance],N/A,https://png.pngtree.com/element_origin_min_pic/16/12/23/5550bb8f0634d44a1c26292adc4e2e6c.jpg
Science Fair,98,National Geographic Documentary Films,90,Cristina CostantiniDarren Foster,[Documentary],N/A,https://www.wildaboutmovies.com/wp-content/uploads/MV5BODVhOTViYTUtZmZmYy00Y2Y3LTlkMWItNzY4ZWQxMzA1ZjVlXkEyXkFqcGdeQXVyMzM1MTk1Mzg@._V1_SY1000_CR006751000_AL_-150x210.jpg
In Between,98,Film Movement,96,Maysaloun Hamoud,[Drama],N/A,https://www.wildaboutmovies.com/wp-content/uploads/In-Between-movie-poster-150x210.jpg
The Cakemaker,98,Strand Releasing,105,Ofir Raul Graizer,[Drama],N/A,https://www.wildaboutmovies.com/wp-content/uploads/The-Cakemaker-movie-poster-150x210.jpg
Ryuichi Sakamoto: Coda,98,102 minutes,N/A,,[Documentary],N/A,https://png.pngtree.com/element_origin_min_pic/16/12/23/5550bb8f0634d44a1c26292adc4e2e6c.jpg
Leaning Into the Wind,98,Magnolia Pictures,93,Thomas Riedelsheimer,[Art House   International Documentary],N/A,https://www.wildaboutmovies.com/wp-content/uploads/leaning_into_the_wind_andy_goldsworthy-150x210.jpg
Black Panther,97,Marvel Studios,135,Ryan Coogler,[Action   Adventure Drama Science Fiction   Fantasy],Pinewood Atlanta Studios,https://www.wildaboutmovies.com/wp-content/uploads/black_panther_ver3-150x210.jpg
Mission: Impossible - Fallout,97,Paramount Pictures,147,Christopher McQuarrie,[Action   Adventure Drama Mystery   Suspense],Paris,https://png.pngtree.com/element_origin_min_pic/16/12/23/5550bb8f0634d44a1c26292adc4e2e6c.jpg
Spider-Man: Into the Spider-Verse,97,Sony Pictures,100,Bob PersichettiPeter RamseyRodney Rothman,[Action   Adventure Animation Kids   Family Science Fiction   Fantasy],N/A,https://png.pngtree.com/element_origin_min_pic/16/12/23/5550bb8f0634d44a1c26292adc4e2e6c.jpg
The Hate U Give,97,20th Century Fox,132,George Tillman Jr.,[Drama],N/A,https://www.wildaboutmovies.com/wp-content/uploads/Di86nOqWwAAFGka.jpg-large-150x210.jpg
The Rider,97,Sony Pictures Classics,104,Chlo� Zhao,[Drama],N/A,https://www.wildaboutmovies.com/wp-content/uploads/rider-150x210.jpg
They Shall Not Grow Old,97,Warner Bros. Pictures,99,Peter Jackson,[Art House   International Documentary],N/A,https://png.pngtree.com/element_origin_min_pic/16/12/23/5550bb8f0634d44a1c26292adc4e2e6c.jpg
I Am Not a Witch,97,Film Movement,90,Rungano Nyoni,[Art House   International Drama],N/A,https://www.wildaboutmovies.com/wp-content/uploads/MV5BMmZiMmEzMzAtYzhiZi00NjMwLWJmNzMtMjRkNTI2YTM5N2FiXkEyXkFqcGdeQXVyNTkyMjQwNw@@._V1_SY1000_SX675_AL_-150x210.jpg
Roma,96,Netflix,135,Alfonso Cuar�n,[Drama],N/A,https://www.wildaboutmovies.com/wp-content/uploads/unnamed380-150x210.jpg
The Death of Stalin,96,IFC Films,107,Armando Iannucci,[Comedy Drama],N/A,https://www.wildaboutmovies.com/wp-content/uploads/death_of_stalin-150x210.jpg
Three Identical Strangers,96,NEON,96,Tim Wardle,[Documentary],N/A,https://www.wildaboutmovies.com/wp-content/uploads/THREEIDENTICAL_Poster_27x40_R1b-150x210.jpg
Zama,96,Strand Releasing,115,Lucrecia Martel,[Drama],N/A,https://www.wildaboutmovies.com/wp-content/uploads/Zama-150x210.jpg
Filmworker,96,Kino Lorber,94,Tony Zierra,[Art House   International Documentary],N/A,https://png.pngtree.com/element_origin_min_pic/16/12/23/5550bb8f0634d44a1c26292adc4e2e6c.jpg
To All the Boys I've Loved Before,96,Netflix,120,Susan Johnson,[Drama Romance],N/A,https://png.pngtree.com/element_origin_min_pic/16/12/23/5550bb8f0634d44a1c26292adc4e2e6c.jpg
Hale County This Morning This Evening,96,The Cinema Guild,76,RaMell Ross,[Documentary],N/A,https://www.wildaboutmovies.com/wp-content/uploads/MV5BODBhYmI0NzItODlmNi00OWEzLWI5YWUtOTI0MmY2ZDQxMGQ3XkEyXkFqcGdeQXVyNDUzMzUyNg@@._V1_SY1000_SX675_AL_-150x210.jpg
Bisbee '17,96,Impact Partners,89,Robert Greene,[Documentary Western],N/A,https://png.pngtree.com/element_origin_min_pic/16/12/23/5550bb8f0634d44a1c26292adc4e2e6c.jpg
Robin Williams: Come Inside My Mind,96,HBO Documentary Films,117,Marina Zenovich,[Documentary],N/A,https://png.pngtree.com/element_origin_min_pic/16/12/23/5550bb8f0634d44a1c26292adc4e2e6c.jpg
BlacKkKlansman,95,Focus Features,135,Spike Lee,[Comedy Drama],Ossining,https://www.wildaboutmovies.com/wp-content/uploads/DieRmrfU0AEoRdr.jpg-large-150x210.jpg
A Quiet Place,95,Paramount Pictures,90,John Krasinski,[Drama Horror Mystery   Suspense],Little Falls,https://www.wildaboutmovies.com/wp-content/uploads/quiet_place-150x210.jpg
Call Me by Your Name,95,Sony Pictures Classics,130,Luca Guadagnino,[Drama Romance],N/A,https://png.pngtree.com/element_origin_min_pic/16/12/23/5550bb8f0634d44a1c26292adc4e2e6c.jpg
RBG,95,Magnolia Pictures,96,Betsy WestJulie Cohen,[Documentary],N/A,https://www.wildaboutmovies.com/wp-content/uploads/RBG-150x210.jpg
Burning (Beoning),95,Well Go USA Entertainment,148,Chang-dong Lee,[Art House   International Drama Mystery   Suspense],N/A,https://png.pngtree.com/element_origin_min_pic/16/12/23/5550bb8f0634d44a1c26292adc4e2e6c.jpg
Foxtrot,95,Sony Pictures Classics,114,Samuel Maoz,[Drama],N/A,https://www.wildaboutmovies.com/wp-content/uploads/Foxtrot-movie-poster1-150x210.jpg
The Endless,95,Well Go USA Entertainment,112,Justin BensonAaron Moorhead,[Horror Mystery   Suspense Science Fiction   Fantasy],N/A,https://www.wildaboutmovies.com/wp-content/uploads/endless-150x210.jpg
Sweet Country,95,Samuel Goldwyn Films,113,Warwick Thornton,[Action   Adventure Art House   International Drama],N/A,https://www.wildaboutmovies.com/wp-content/uploads/unnamed114-150x210.jpg
Blaze,95,Sundance Selects,127,Ethan Hawke,[Drama],N/A,https://www.wildaboutmovies.com/wp-content/uploads/MV5BZDY0ZDIwNGUtNmRlZC00OGU3LWJjYzItODJhNzMyMjc2OGJmXkEyXkFqcGdeQXVyODY3Nzc0OTk@._V1_SY1000_SX675_AL_-150x210.jpg
Western,95,Cinema Guild,119,Valeska Grisebach,[Art House   International Drama],N/A,https://www.wildaboutmovies.com/wp-content/uploads/Western-movie-poster-150x210.jpg
3 Faces,95,Celluloid Dreams,100,Jafar Panahi,[Art House   International Drama],N/A,https://png.pngtree.com/element_origin_min_pic/16/12/23/5550bb8f0634d44a1c26292adc4e2e6c.jpg
Dark Money,95,PBS,99,Kimberly Reed,[Documentary],N/A,https://www.wildaboutmovies.com/wp-content/uploads/Dark-Money-movie-poster-150x210.jpg
Incredibles 2,94,Disney/Pixar,118,Brad Bird,[Action   Adventure Animation Kids   Family],Pixar Animation Studios - 1200 Park Avenue,https://www.wildaboutmovies.com/wp-content/uploads/MV5BMTEzNzY0OTg0NTdeQTJeQWpwZ15BbWU4MDU3OTg3MjUz._V1_SY1000_CR006741000_AL_-150x210.jpg
A Fantastic Woman (Una mujer fant�stica),94,Sony Pictures Classics,100,Sebasti�n Lelio,[Art House   International Drama],N/A,https://png.pngtree.com/element_origin_min_pic/16/12/23/5550bb8f0634d44a1c26292adc4e2e6c.jpg
Wildlife,94,IFC Films,104,Paul Dano,[Drama],N/A,https://www.wildaboutmovies.com/wp-content/uploads/wildlife-150x210.jpg
Loveless (Nelyubov),94,Sony Pictures Classics,129,Andrey Zvyagintsev,[Art House   International Drama],N/A,https://png.pngtree.com/element_origin_min_pic/16/12/23/5550bb8f0634d44a1c26292adc4e2e6c.jpg
Cold War (Zimna wojna),94,Amazon Studios,89,Pawel Pawlikowski,[Drama Romance],N/A,https://png.pngtree.com/element_origin_min_pic/16/12/23/5550bb8f0634d44a1c26292adc4e2e6c.jpg
Support the Girls,94,Magnolia Pictures,90,Andrew Bujalski,[Comedy],N/A,https://www.wildaboutmovies.com/wp-content/uploads/MV5BMWI5YWY1OTAtZmNjMy00M2JhLThmYWItZWM3MmI2YmM4MjJjXkEyXkFqcGdeQXVyODAzODU1NDQ@._V1_SY1000_CR006741000_AL_-150x210.jpg
Custody (Jusqu'� la garde),94,Kino Lorber,93,Xavier Legrand,[Drama],N/A,https://png.pngtree.com/element_origin_min_pic/16/12/23/5550bb8f0634d44a1c26292adc4e2e6c.jpg
Private Life,94,Netflix,123,Tamara Jenkins,[Drama],N/A,https://www.wildaboutmovies.com/wp-content/uploads/PRI_Vertical_RGB-150x210.jpg
CAM,94,94 minutes,N/A,Daniel Goldhaber,[Horror Mystery   Suspense],N/A,https://png.pngtree.com/element_origin_min_pic/16/12/23/5550bb8f0634d44a1c26292adc4e2e6c.jpg
The Guardians (Les Gardiennes),94,Music Box Films,134,Xavier Beauvois,[Art House   International Drama],N/A,https://png.pngtree.com/element_origin_min_pic/16/12/23/5550bb8f0634d44a1c26292adc4e2e6c.jpg
24 Frames,94,Janus Films,114,Abbas Kiarostami,[Art House   International Drama],N/A,https://png.pngtree.com/element_origin_min_pic/16/12/23/5550bb8f0634d44a1c26292adc4e2e6c.jpg
The Favourite,93,Fox Searchlight Pictures Film4 and Waypoint,119,Yorgos Lanthimos,[Drama],N/A,https://www.wildaboutmovies.com/wp-content/uploads/MV5BMTg1NzQwMDQxNV5BMl5BanBnXkFtZTgwNDg2NDYyNjM@._V1_SY1000_CR006701000_AL_1-150x210.jpg
First Reformed,93,A24,108,Paul Schrader,[Drama],N/A,https://www.wildaboutmovies.com/wp-content/uploads/first_reformed-150x210.jpg
Blindspotting,93,Foley Walkers Studio,95,Carlos Lopez Estrada,[Comedy Drama],N/A,https://www.wildaboutmovies.com/wp-content/uploads/blindspotting_ver4-150x210.jpg
Beast,93,30WEST and Roadside Attractions,107,Michael Pearce,[Drama],N/A,https://www.wildaboutmovies.com/wp-content/uploads/Beast-movie-poster-150x210.jpg
Journey's End,93,levelFILM,107,Saul Dibb,[Drama],N/A,https://www.wildaboutmovies.com/wp-content/uploads/journeys_end_ver2-150x210.jpg
Kusama: Infinity,93,Magnolia Pictures,85,Heather Lenz,[Documentary],N/A,https://png.pngtree.com/element_origin_min_pic/16/12/23/5550bb8f0634d44a1c26292adc4e2e6c.jpg
Phantom Thread,92,Focus Features,130,Paul Thomas Anderson,[Drama],N/A,https://png.pngtree.com/element_origin_min_pic/16/12/23/5550bb8f0634d44a1c26292adc4e2e6c.jpg
Sorry to Bother You,92,Annapurna Pictures,105,Boots Riley,[Comedy Science Fiction   Fantasy],N/A,https://www.wildaboutmovies.com/wp-content/uploads/sorry_to_bother_you_ver10-150x210.jpg
The Old Man & the Gun,92,Fox Searchlight Pictures,93,David Lowery,[Drama],N/A,https://png.pngtree.com/element_origin_min_pic/16/12/23/5550bb8f0634d44a1c26292adc4e2e6c.jpg
Mandy,92,RLJE Films,120,Panos Cosmatos,[Action   Adventure Mystery   Suspense],N/A,https://www.wildaboutmovies.com/wp-content/uploads/MV5BMjk1MjhmZWQtNzU3OC00NDE4LThlODQtNTdhZGM4M2E3MWZkXkEyXkFqcGdeQXVyMTMxODk2OTU@._V1_-150x210.jpg
Searching,92,Screen Gems,101,Aneesh Chaganty,[Mystery   Suspense],N/A,https://www.wildaboutmovies.com/wp-content/uploads/searching_ver9-150x210.jpg
Bumblebee,92,Paramount Pictures,114,Travis Knight,[Action   Adventure Science Fiction   Fantasy],Los Angeles,https://www.wildaboutmovies.com/wp-content/uploads/DryMnm8UUAAoqiw.jpg-large-150x210.jpg
Love Simon,92,20th Century Fox,109,Greg Berlanti,[Drama],N/A,https://www.wildaboutmovies.com/wp-content/uploads/love_simon-150x210.jpg
The Ballad of Buster Scruggs,92,Netflix,132,Joel CoenEthan Coen,[Drama Western],N/A,https://www.wildaboutmovies.com/wp-content/uploads/MV5BOTQxNjE0ODgtMzc2NC00ZTk0LTg4MmUtMGNjMDQ0NmFmOTU1XkEyXkFqcGdeQXVyNTMwNTc4NTY@._V1_SY1000_CR006861000_AL_-150x210.jpg
Hearts Beat Loud,92,Gunpowder & Sky,97,Brett Haley,[Comedy Drama],N/A,https://www.wildaboutmovies.com/wp-content/uploads/hearts_beat_loud-150x210.jpg
Stan & Ollie,92,Sony Pictures Classics,97,Jon S. Baird,[Comedy Drama],N/A,https://png.pngtree.com/element_origin_min_pic/16/12/23/5550bb8f0634d44a1c26292adc4e2e6c.jpg
Revenge,92,Shudder and NEON,108,Coralie Fargeat,[Action   Adventure Mystery   Suspense],N/A,https://www.wildaboutmovies.com/wp-content/uploads/revenge_ver3-150x210.jpg
Widows,91,20th Century Fox,128,Steve McQueen (III),[Drama],N/A,https://www.wildaboutmovies.com/wp-content/uploads/MV5BMjM3ODc5NDEyOF5BMl5BanBnXkFtZTgwMTI4MDcxNjM@._V1_SY1000_CR006311000_AL_-150x210.jpg
Crazy Rich Asians,91,Warner Bros. Pictures,120,Jon M. Chu,[Comedy],N/A,https://www.wildaboutmovies.com/wp-content/uploads/MV5BMTYxNDMyOTAxN15BMl5BanBnXkFtZTgwMDg1ODYzNTM@._V1_SY1000_CR006741000_AL_-150x210.jpg
Teen Titans Go! To the Movies,91,Warner Bros. Pictures,N/A,Aaron HorvathPeter Rida Michail,[Action   Adventure Animation Kids   Family],N/A,https://png.pngtree.com/element_origin_min_pic/16/12/23/5550bb8f0634d44a1c26292adc4e2e6c.jpg
A Star Is Born,90,Warner Bros. Pictures,135,Bradley Cooper,[Drama],N/A,https://png.pngtree.com/element_origin_min_pic/16/12/23/5550bb8f0634d44a1c26292adc4e2e6c.jpg
Lean on Pete,90,A24,121,Andrew Haigh,[Drama],N/A,https://www.wildaboutmovies.com/wp-content/uploads/Lean-On-Pete-150x210.jpg
I Tonya,89,NEON,119,Craig Gillespie,[Drama],N/A,https://png.pngtree.com/element_origin_min_pic/16/12/23/5550bb8f0634d44a1c26292adc4e2e6c.jpg
Hereditary,89,Windy Hill Pictures,127,Ari Aster,[Drama Horror],N/A,https://www.wildaboutmovies.com/wp-content/uploads/Hereditary-movie-poster-150x210.jpg
Isle of Dogs,89,Fox Searchlight Pictures,101,Wes Anderson,[Action   Adventure Animation Comedy],N/A,https://www.wildaboutmovies.com/wp-content/uploads/isle_of_dogs_ver3-150x210.jpg
Annihilation,89,Paramount Pictures,,Alex Garland,[Action   Adventure Drama Science Fiction   Fantasy],Windsor Great Park,https://www.wildaboutmovies.com/wp-content/uploads/Annihilation-poster1-150x210.jpg
You Were Never Really Here,89,Amazon Studios,89,Lynne Ramsay,[Drama Mystery   Suspense],N/A,https://www.wildaboutmovies.com/wp-content/uploads/you_were_never_really_here_ver6-150x210.jpg
First Man,88,Universal Pictures,138,Damien Chazelle,[Drama],Atlanta,https://www.wildaboutmovies.com/wp-content/uploads/First-Man-movie-poster1-150x210.jpg
Ant-Man and the Wasp,88,Walt Disney Pictures,118,Peyton Reed,[Action   Adventure Comedy Science Fiction   Fantasy],Atlanta,https://png.pngtree.com/element_origin_min_pic/16/12/23/5550bb8f0634d44a1c26292adc4e2e6c.jpg
The Post,88,20th Century Fox,115,Steven Spielberg,[Drama Mystery   Suspense],N/A,https://png.pngtree.com/element_origin_min_pic/16/12/23/5550bb8f0634d44a1c26292adc4e2e6c.jpg
Ralph Breaks the Internet,88,Walt Disney Animation Studios,114,Phil JohnstonRich Moore,[Animation Comedy Kids   Family Science Fiction   Fantasy],N/A,https://png.pngtree.com/element_origin_min_pic/16/12/23/5550bb8f0634d44a1c26292adc4e2e6c.jpg
American Animals,88,The Orchard,120,Bart Layton,[Comedy Drama Mystery   Suspense],N/A,https://www.wildaboutmovies.com/wp-content/uploads/american_animals_ver4-150x210.jpg
Colette,87,Bleecker Street,111,Wash Westmoreland,[Drama],N/A,https://www.wildaboutmovies.com/wp-content/uploads/MV5BYTg5YzEyYWMtNmZkNy00ZTJmLTgwM2UtMDJlOWYzMTE5YzUzXkEyXkFqcGdeQXVyNDY2MjcyOTQ@._V1_SY1000_SX675_AL_-150x210.jpg
Avengers: Infinity War,85,Walt Disney Pictures,156,Anthony RussoJoe Russo,[Action   Adventure Science Fiction   Fantasy],Pinewood Atlanta Studios,https://png.pngtree.com/element_origin_min_pic/16/12/23/5550bb8f0634d44a1c26292adc4e2e6c.jpg
Tully,85,Focus Features,94,Jason Reitman,[Comedy],N/A,https://www.wildaboutmovies.com/wp-content/uploads/tully-150x210.jpg
A Simple Favor,85,Lionsgate,116,Paul Feig,[Mystery   Suspense],Elmcrest Public School,https://www.wildaboutmovies.com/wp-content/uploads/simple_favor_ver8-150x210.jpg
Deadpool 2,83,20th Century Fox,119,David Leitch,[Action   Adventure Comedy],Vancouver,https://www.wildaboutmovies.com/wp-content/uploads/deadpool_two_ver3-150x210.jpg
