TITULO,IMAGEN,DURACION,GENERO
Time Freak,https://www.cuevana2.com/wp-content/uploads/2019/01/MV5BNzhmMzI5MDItODg2My00M2IxLTgxMGItNTZkYWIxNWVkMDNhXkEyXkFqcGdeQXVyOTg4MDYyNw@@._V1_SX300.jpg,104,drama
Corazón borrado,https://www.cuevana2.com/wp-content/uploads/2019/01/MV5BNzM2MzU1NTM4NF5BMl5BanBnXkFtZTgwNTMwMzI1NjM@._V1_SX300.jpg,115,drama
Nace una estrella,https://www.cuevana2.com/wp-content/uploads/2019/01/MV5BMjE3MDQ0MTA3M15BMl5BanBnXkFtZTgwMDMwNDY2NTM@._V1_SX300.jpg,136,drama
Notes from the Field,https://www.cuevana2.com/wp-content/uploads/2019/01/MV5BMTgxODIwNjgxMl5BMl5BanBnXkFtZTgwNDU3MzU4NDM@._V1_SX300.jpg,90,drama
Ashes in the Snow,https://www.cuevana2.com/wp-content/uploads/2019/01/MV5BOGFjMzI2NTAtNzhhMS00Y2MwLTliM2QtZjVhZGFiYmVhNjcxXkEyXkFqcGdeQXVyNzkzMTY5MA@@._V1_SX300.jpg,98,drama
Las distancias,https://www.cuevana2.com/wp-content/uploads/2019/01/MV5BNDE2ZjFjYzgtNzI4NC00NTg0LTlkYTgtOGQzNjlmYmYzNDQ4XkEyXkFqcGdeQXVyMTA0MjU0Ng@@._V1_SX300.jpg,99,drama
Carnivores,https://www.cuevana2.com/wp-content/uploads/2019/01/MV5BOWM0ZmVhNDctOTg0ZS00NzdjLWI4NDAtZWRhMTk2ZDg3YTYyXkEyXkFqcGdeQXVyMTc5OTQwMzk@._V1_SX300.jpg,98,drama
Beautiful Boy: Siempre serás mi hijo,https://www.cuevana2.com/wp-content/uploads/2019/01/MV5BNjNhNjVjZDQtMzRhMS00YmI2LTkxZmEtMDdkMWU3OWQ2NjNmXkEyXkFqcGdeQXVyODE1MjMyNzI@._V1_SX300.jpg,120,drama
Los amores cobardes,https://www.cuevana2.com/wp-content/uploads/2019/01/MV5BYzM0YmE3YWEtZDQwZS00ZDFjLTljZWEtNDY5YWVlOTMxZWJjXkEyXkFqcGdeQXVyMjQ3NzUxOTM@._V1_SY1000_CR007061000_AL_1.jpg,78,drama
Brexit: The Uncivil War,https://www.cuevana2.com/wp-content/uploads/2019/01/MV5BNjYyOGU3MmUtYmE0Ny00ZDk0LTk0OWYtMTE4ZTg2ODI1Y2MyXkEyXkFqcGdeQXVyNTU2MDQyOTk@._V1_1.jpg,N/A,drama
Rust Creek,https://www.cuevana2.com/wp-content/uploads/2019/01/MV5BZjkyZTU5OWQtOTZiMy00NzdmLWE4ODgtNmRkZTE2MTZmYWI3XkEyXkFqcGdeQXVyODY3Nzc0OTk@._V1_SX300.jpg,N/A,drama
Lionheart,https://www.cuevana2.com/wp-content/uploads/2019/01/lionheart-650543873-large1.jpg,95,drama
And Breathe Normally,https://www.cuevana2.com/wp-content/uploads/2019/01/MV5BNjljNzZmZDgtZGE0MS00OTgzLWE2MDAtODQ5YTMwYWU0MzAwXkEyXkFqcGdeQXVyMTMxODk2OTU@._V1_SX300.jpg,95,drama
La fábrica de nada,https://www.cuevana2.com/wp-content/uploads/2019/01/MV5BMjBmMjM2NWEtZWYzOC00MDE1LWJmN2UtODJjMmVkYjJjZjUxXkEyXkFqcGdeQXVyNzAyNDEzNQ@@._V1_SX300.jpg,177,drama
High Resolution,https://www.cuevana2.com/wp-content/uploads/2019/01/MV5BZTEyZTFkZWItYTRlMS00ZWFkLTg3YjEtNDg5NDFlNmU2MDM3XkEyXkFqcGdeQXVyNTA4NTM1NDE@._V1_SY1000_CR006751000_AL_1.jpg,N/A,drama
Lo que fuimos,https://www.cuevana2.com/wp-content/uploads/2019/01/MV5BMTc4NzIyODE3Nl5BMl5BanBnXkFtZTgwNjg2NTc5NTM@._V1_SX300.jpg,101,drama
Time Freak,https://www.cuevana2.com/wp-content/uploads/2019/01/MV5BNzhmMzI5MDItODg2My00M2IxLTgxMGItNTZkYWIxNWVkMDNhXkEyXkFqcGdeQXVyOTg4MDYyNw@@._V1_SX300.jpg,104,drama
Corazón borrado,https://www.cuevana2.com/wp-content/uploads/2019/01/MV5BNzM2MzU1NTM4NF5BMl5BanBnXkFtZTgwNTMwMzI1NjM@._V1_SX300.jpg,115,drama
Nace una estrella,https://www.cuevana2.com/wp-content/uploads/2019/01/MV5BMjE3MDQ0MTA3M15BMl5BanBnXkFtZTgwMDMwNDY2NTM@._V1_SX300.jpg,136,drama
Notes from the Field,https://www.cuevana2.com/wp-content/uploads/2019/01/MV5BMTgxODIwNjgxMl5BMl5BanBnXkFtZTgwNDU3MzU4NDM@._V1_SX300.jpg,90,drama
Ashes in the Snow,https://www.cuevana2.com/wp-content/uploads/2019/01/MV5BOGFjMzI2NTAtNzhhMS00Y2MwLTliM2QtZjVhZGFiYmVhNjcxXkEyXkFqcGdeQXVyNzkzMTY5MA@@._V1_SX300.jpg,98,drama
Las distancias,https://www.cuevana2.com/wp-content/uploads/2019/01/MV5BNDE2ZjFjYzgtNzI4NC00NTg0LTlkYTgtOGQzNjlmYmYzNDQ4XkEyXkFqcGdeQXVyMTA0MjU0Ng@@._V1_SX300.jpg,99,drama
Carnivores,https://www.cuevana2.com/wp-content/uploads/2019/01/MV5BOWM0ZmVhNDctOTg0ZS00NzdjLWI4NDAtZWRhMTk2ZDg3YTYyXkEyXkFqcGdeQXVyMTc5OTQwMzk@._V1_SX300.jpg,98,drama
Beautiful Boy: Siempre serás mi hijo,https://www.cuevana2.com/wp-content/uploads/2019/01/MV5BNjNhNjVjZDQtMzRhMS00YmI2LTkxZmEtMDdkMWU3OWQ2NjNmXkEyXkFqcGdeQXVyODE1MjMyNzI@._V1_SX300.jpg,120,drama
Los amores cobardes,https://www.cuevana2.com/wp-content/uploads/2019/01/MV5BYzM0YmE3YWEtZDQwZS00ZDFjLTljZWEtNDY5YWVlOTMxZWJjXkEyXkFqcGdeQXVyMjQ3NzUxOTM@._V1_SY1000_CR007061000_AL_1.jpg,78,drama
Brexit: The Uncivil War,https://www.cuevana2.com/wp-content/uploads/2019/01/MV5BNjYyOGU3MmUtYmE0Ny00ZDk0LTk0OWYtMTE4ZTg2ODI1Y2MyXkEyXkFqcGdeQXVyNTU2MDQyOTk@._V1_1.jpg,N/A,drama
Rust Creek,https://www.cuevana2.com/wp-content/uploads/2019/01/MV5BZjkyZTU5OWQtOTZiMy00NzdmLWE4ODgtNmRkZTE2MTZmYWI3XkEyXkFqcGdeQXVyODY3Nzc0OTk@._V1_SX300.jpg,N/A,drama
Lionheart,https://www.cuevana2.com/wp-content/uploads/2019/01/lionheart-650543873-large1.jpg,95,drama
And Breathe Normally,https://www.cuevana2.com/wp-content/uploads/2019/01/MV5BNjljNzZmZDgtZGE0MS00OTgzLWE2MDAtODQ5YTMwYWU0MzAwXkEyXkFqcGdeQXVyMTMxODk2OTU@._V1_SX300.jpg,95,drama
La fábrica de nada,https://www.cuevana2.com/wp-content/uploads/2019/01/MV5BMjBmMjM2NWEtZWYzOC00MDE1LWJmN2UtODJjMmVkYjJjZjUxXkEyXkFqcGdeQXVyNzAyNDEzNQ@@._V1_SX300.jpg,177,drama
High Resolution,https://www.cuevana2.com/wp-content/uploads/2019/01/MV5BZTEyZTFkZWItYTRlMS00ZWFkLTg3YjEtNDg5NDFlNmU2MDM3XkEyXkFqcGdeQXVyNTA4NTM1NDE@._V1_SY1000_CR006751000_AL_1.jpg,N/A,drama
Lo que fuimos,https://www.cuevana2.com/wp-content/uploads/2019/01/MV5BMTc4NzIyODE3Nl5BMl5BanBnXkFtZTgwNjg2NTc5NTM@._V1_SX300.jpg,101,drama
Time Freak,https://www.cuevana2.com/wp-content/uploads/2019/01/MV5BNzhmMzI5MDItODg2My00M2IxLTgxMGItNTZkYWIxNWVkMDNhXkEyXkFqcGdeQXVyOTg4MDYyNw@@._V1_SX300.jpg,104,drama
Corazón borrado,https://www.cuevana2.com/wp-content/uploads/2019/01/MV5BNzM2MzU1NTM4NF5BMl5BanBnXkFtZTgwNTMwMzI1NjM@._V1_SX300.jpg,115,drama
Nace una estrella,https://www.cuevana2.com/wp-content/uploads/2019/01/MV5BMjE3MDQ0MTA3M15BMl5BanBnXkFtZTgwMDMwNDY2NTM@._V1_SX300.jpg,136,drama
Notes from the Field,https://www.cuevana2.com/wp-content/uploads/2019/01/MV5BMTgxODIwNjgxMl5BMl5BanBnXkFtZTgwNDU3MzU4NDM@._V1_SX300.jpg,90,drama
Ashes in the Snow,https://www.cuevana2.com/wp-content/uploads/2019/01/MV5BOGFjMzI2NTAtNzhhMS00Y2MwLTliM2QtZjVhZGFiYmVhNjcxXkEyXkFqcGdeQXVyNzkzMTY5MA@@._V1_SX300.jpg,98,drama
Las distancias,https://www.cuevana2.com/wp-content/uploads/2019/01/MV5BNDE2ZjFjYzgtNzI4NC00NTg0LTlkYTgtOGQzNjlmYmYzNDQ4XkEyXkFqcGdeQXVyMTA0MjU0Ng@@._V1_SX300.jpg,99,drama
Carnivores,https://www.cuevana2.com/wp-content/uploads/2019/01/MV5BOWM0ZmVhNDctOTg0ZS00NzdjLWI4NDAtZWRhMTk2ZDg3YTYyXkEyXkFqcGdeQXVyMTc5OTQwMzk@._V1_SX300.jpg,98,drama
Beautiful Boy: Siempre serás mi hijo,https://www.cuevana2.com/wp-content/uploads/2019/01/MV5BNjNhNjVjZDQtMzRhMS00YmI2LTkxZmEtMDdkMWU3OWQ2NjNmXkEyXkFqcGdeQXVyODE1MjMyNzI@._V1_SX300.jpg,120,drama
Los amores cobardes,https://www.cuevana2.com/wp-content/uploads/2019/01/MV5BYzM0YmE3YWEtZDQwZS00ZDFjLTljZWEtNDY5YWVlOTMxZWJjXkEyXkFqcGdeQXVyMjQ3NzUxOTM@._V1_SY1000_CR007061000_AL_1.jpg,78,drama
Brexit: The Uncivil War,https://www.cuevana2.com/wp-content/uploads/2019/01/MV5BNjYyOGU3MmUtYmE0Ny00ZDk0LTk0OWYtMTE4ZTg2ODI1Y2MyXkEyXkFqcGdeQXVyNTU2MDQyOTk@._V1_1.jpg,N/A,drama
Rust Creek,https://www.cuevana2.com/wp-content/uploads/2019/01/MV5BZjkyZTU5OWQtOTZiMy00NzdmLWE4ODgtNmRkZTE2MTZmYWI3XkEyXkFqcGdeQXVyODY3Nzc0OTk@._V1_SX300.jpg,N/A,drama
Lionheart,https://www.cuevana2.com/wp-content/uploads/2019/01/lionheart-650543873-large1.jpg,95,drama
And Breathe Normally,https://www.cuevana2.com/wp-content/uploads/2019/01/MV5BNjljNzZmZDgtZGE0MS00OTgzLWE2MDAtODQ5YTMwYWU0MzAwXkEyXkFqcGdeQXVyMTMxODk2OTU@._V1_SX300.jpg,95,drama
La fábrica de nada,https://www.cuevana2.com/wp-content/uploads/2019/01/MV5BMjBmMjM2NWEtZWYzOC00MDE1LWJmN2UtODJjMmVkYjJjZjUxXkEyXkFqcGdeQXVyNzAyNDEzNQ@@._V1_SX300.jpg,177,drama
High Resolution,https://www.cuevana2.com/wp-content/uploads/2019/01/MV5BZTEyZTFkZWItYTRlMS00ZWFkLTg3YjEtNDg5NDFlNmU2MDM3XkEyXkFqcGdeQXVyNTA4NTM1NDE@._V1_SY1000_CR006751000_AL_1.jpg,N/A,drama
Lo que fuimos,https://www.cuevana2.com/wp-content/uploads/2019/01/MV5BMTc4NzIyODE3Nl5BMl5BanBnXkFtZTgwNjg2NTc5NTM@._V1_SX300.jpg,101,drama
Time Freak,https://www.cuevana2.com/wp-content/uploads/2019/01/MV5BNzhmMzI5MDItODg2My00M2IxLTgxMGItNTZkYWIxNWVkMDNhXkEyXkFqcGdeQXVyOTg4MDYyNw@@._V1_SX300.jpg,104,drama
Corazón borrado,https://www.cuevana2.com/wp-content/uploads/2019/01/MV5BNzM2MzU1NTM4NF5BMl5BanBnXkFtZTgwNTMwMzI1NjM@._V1_SX300.jpg,115,drama
Nace una estrella,https://www.cuevana2.com/wp-content/uploads/2019/01/MV5BMjE3MDQ0MTA3M15BMl5BanBnXkFtZTgwMDMwNDY2NTM@._V1_SX300.jpg,136,drama
Notes from the Field,https://www.cuevana2.com/wp-content/uploads/2019/01/MV5BMTgxODIwNjgxMl5BMl5BanBnXkFtZTgwNDU3MzU4NDM@._V1_SX300.jpg,90,drama
Ashes in the Snow,https://www.cuevana2.com/wp-content/uploads/2019/01/MV5BOGFjMzI2NTAtNzhhMS00Y2MwLTliM2QtZjVhZGFiYmVhNjcxXkEyXkFqcGdeQXVyNzkzMTY5MA@@._V1_SX300.jpg,98,drama
Las distancias,https://www.cuevana2.com/wp-content/uploads/2019/01/MV5BNDE2ZjFjYzgtNzI4NC00NTg0LTlkYTgtOGQzNjlmYmYzNDQ4XkEyXkFqcGdeQXVyMTA0MjU0Ng@@._V1_SX300.jpg,99,drama
Carnivores,https://www.cuevana2.com/wp-content/uploads/2019/01/MV5BOWM0ZmVhNDctOTg0ZS00NzdjLWI4NDAtZWRhMTk2ZDg3YTYyXkEyXkFqcGdeQXVyMTc5OTQwMzk@._V1_SX300.jpg,98,drama
Beautiful Boy: Siempre serás mi hijo,https://www.cuevana2.com/wp-content/uploads/2019/01/MV5BNjNhNjVjZDQtMzRhMS00YmI2LTkxZmEtMDdkMWU3OWQ2NjNmXkEyXkFqcGdeQXVyODE1MjMyNzI@._V1_SX300.jpg,120,drama
Los amores cobardes,https://www.cuevana2.com/wp-content/uploads/2019/01/MV5BYzM0YmE3YWEtZDQwZS00ZDFjLTljZWEtNDY5YWVlOTMxZWJjXkEyXkFqcGdeQXVyMjQ3NzUxOTM@._V1_SY1000_CR007061000_AL_1.jpg,78,drama
Brexit: The Uncivil War,https://www.cuevana2.com/wp-content/uploads/2019/01/MV5BNjYyOGU3MmUtYmE0Ny00ZDk0LTk0OWYtMTE4ZTg2ODI1Y2MyXkEyXkFqcGdeQXVyNTU2MDQyOTk@._V1_1.jpg,N/A,drama
Rust Creek,https://www.cuevana2.com/wp-content/uploads/2019/01/MV5BZjkyZTU5OWQtOTZiMy00NzdmLWE4ODgtNmRkZTE2MTZmYWI3XkEyXkFqcGdeQXVyODY3Nzc0OTk@._V1_SX300.jpg,N/A,drama
Lionheart,https://www.cuevana2.com/wp-content/uploads/2019/01/lionheart-650543873-large1.jpg,95,drama
And Breathe Normally,https://www.cuevana2.com/wp-content/uploads/2019/01/MV5BNjljNzZmZDgtZGE0MS00OTgzLWE2MDAtODQ5YTMwYWU0MzAwXkEyXkFqcGdeQXVyMTMxODk2OTU@._V1_SX300.jpg,95,drama
La fábrica de nada,https://www.cuevana2.com/wp-content/uploads/2019/01/MV5BMjBmMjM2NWEtZWYzOC00MDE1LWJmN2UtODJjMmVkYjJjZjUxXkEyXkFqcGdeQXVyNzAyNDEzNQ@@._V1_SX300.jpg,177,drama
High Resolution,https://www.cuevana2.com/wp-content/uploads/2019/01/MV5BZTEyZTFkZWItYTRlMS00ZWFkLTg3YjEtNDg5NDFlNmU2MDM3XkEyXkFqcGdeQXVyNTA4NTM1NDE@._V1_SY1000_CR006751000_AL_1.jpg,N/A,drama
Lo que fuimos,https://www.cuevana2.com/wp-content/uploads/2019/01/MV5BMTc4NzIyODE3Nl5BMl5BanBnXkFtZTgwNjg2NTc5NTM@._V1_SX300.jpg,101,drama
